https://wordery.com/the-andromeda-anthology-fred-hoyle-9781473230118	The Andromeda Anthology	€11.59	Fred Hoyle,John Elliott	9781473230118	Orion Publishing Co	Paperback	English
https://wordery.com/w0rldtr33-worldtree-volume-1-tynion-iv-9781534398658	W0RLDTR33 (Worldtree) Volume 1		Tynion IV	9781534398658	Image Comics	Paperback	English
https://wordery.com/hyperion-dan-simmons-9780575099432	Hyperion	€10.99	Dan Simmons	9780575099432	Orion Publishing Co	Paperback	English
https://wordery.com/human-division-john-scalzi-9781447290476	Human Division	€11.87	John Scalzi	9781447290476	Pan Macmillan	Paperback	English
https://wordery.com/endymion-dan-simmons-9780575076396	Endymion	€15.95	Dan Simmons	9780575076396	Orion Publishing Co	Paperback	English
https://wordery.com/doctor-who-destiny-of-the-daleks-terry-nation-author-full-cast-read-by-lalla-ward-read-by-tom-baker-read-by-9781471301469	Doctor Who: Destiny Of The Daleks	€16.37	Terry Nation (author), Full Cast (read by), Lalla Ward (read by), Tom Baker (read by)	9781471301469			
https://wordery.com/long-way-to-a-small-angry-planet-becky-chambers-9781473619814	Long Way to a Small, Angry Planet	€9.23	Becky Chambers	9781473619814	Hodder & Stoughton	Paperback	English
https://wordery.com/dreamsnake-vonda-n-mcintyre-9780857054265	Dreamsnake	€14.37	Vonda N. McIntyre	9780857054265	Quercus Publishing	Paperback	English
https://wordery.com/armada-ernest-cline-9780099586746	Armada	€12.53	Ernest Cline	9780099586746	Cornerstone	Paperback	English
https://wordery.com/fall-of-hyperion-dan-simmons-9780575099487	Fall of Hyperion	€14.71	Dan Simmons	9780575099487	Orion Publishing Co	Paperback	English
https://wordery.com/grace-year-kim-liggett-9781529100600	Grace Year	€12.95	Kim Liggett	9781529100600	Cornerstone	Paperback	English
https://wordery.com/pebble-in-the-sky-isaac-asimov-9780008372354	Pebble in the Sky	€8.95	Isaac Asimov	9780008372354	HarperCollins Publishers	Paperback	English
https://wordery.com/places-in-the-darkness-chris-brookmyre-9780356506272	Places in the Darkness	€8.21	Chris Brookmyre	9780356506272	Little, Brown Book Group	Paperback	English
https://wordery.com/sea-of-tranquility-emily-st-john-mandel-9781529083514	Sea of Tranquility	€11.91	Emily St. John Mandel	9781529083514	Pan Macmillan	Paperback	English
https://wordery.com/star-wars-from-a-certain-point-of-view-olivie-blake-9781529907629	Star Wars: From a Certain Point of View	€29.24	Olivie Blake,Saladin Ahmed,Charlie Jane Anders,Fran Wilde,Mary Kenney,Mike Chen	9781529907629	Cornerstone	Hardback	English
https://wordery.com/contact-carl-sagan-9780356518848	Contact	€14.58	Carl Sagan	9780356518848	Little, Brown Book Group	Paperback	English
https://wordery.com/complete-cosmicomics-italo-calvino-9780141189680	Complete Cosmicomics	€12.95	Italo Calvino	9780141189680	Penguin Books Ltd	Paperback	
https://wordery.com/kindred-octavia-e-butler-9781472258229	Kindred	€12.86	Octavia E. Butler	9781472258229	Headline Publishing Group	Paperback	English
https://wordery.com/paper-girls-volume-1-vaughan-9781632156747	Paper Girls Volume 1	€13.18	Vaughan	9781632156747	Image Comics	Paperback	English
https://wordery.com/nova-swing-m-john-harrison-9780575079694	Nova Swing	€12.31	M. John Harrison	9780575079694	Orion Publishing Co	Paperback	English
https://wordery.com/great-dune-trilogy-frank-herbert-9780575070707	Great Dune Trilogy	€29.89	Frank Herbert	9780575070707	Orion Publishing Co	Paperback	English
https://wordery.com/judge-dredd-the-complete-case-files-30-john-wagner-9781781085486	Judge Dredd: The Complete Case Files 30	€21.65	John Wagner	9781781085486	Rebellion Publishing Ltd.	Paperback	English
https://wordery.com/borne-jeff-vandermeer-9780008159214	Borne	€11.67	Jeff VanderMeer	9780008159214	HarperCollins Publishers	Paperback	English
https://wordery.com/deadhouse-gates-steven-erikson-9780553813111	Deadhouse Gates	€15.25	Steven Erikson	9780553813111	Transworld Publishers Ltd	Paperback	English
https://wordery.com/ancillary-sword-ann-leckie-9780356502410	Ancillary Sword	€11.87	Ann Leckie	9780356502410	Little, Brown Book Group	Paperback	English
https://wordery.com/dune-messiah-frank-herbert-9781473655324	Dune Messiah	€12.31	Frank Herbert	9781473655324	Hodder & Stoughton	Paperback	English
https://wordery.com/cibola-burn-james-s-a-corey-9780356504193	Cibola Burn	€14.42	James S. A. Corey	9780356504193	Little, Brown Book Group	Paperback	English
https://wordery.com/do-androids-dream-of-electric-sheep-philip-k-dick-9780575079939	Do Androids Dream Of Electric Sheep?	€12.86	Philip K Dick	9780575079939	Orion Publishing Co	Paperback	English
https://wordery.com/ancillary-mercy-ann-leckie-9780356502427	Ancillary Mercy	€12.27	Ann Leckie	9780356502427	Little, Brown Book Group	Paperback	English
https://wordery.com/gears-of-war-the-slab-karen-traviss-9780356501055	Gears of War: The Slab	€14.34	Karen Traviss	9780356501055	Little, Brown Book Group	Paperback	English
https://wordery.com/journey-to-the-centre-of-the-earth-jules-verne-9780099528494	Journey to the Centre of the Earth	€11.87	Jules Verne	9780099528494	Vintage Publishing	Paperback	English
https://wordery.com/gears-of-war-coalitions-end-karen-traviss-9780356501048	Gears Of War: Coalition's End	€14.74	Karen Traviss	9780356501048	Little, Brown Book Group	Paperback	English
https://wordery.com/doctor-who-horror-of-fang-rock-terrance-dicks-9781471301421	Doctor Who: Horror Of Fang Rock	€14.16	Terrance Dicks	9781471301421	BBC Audio, A Division Of Random House	CD-Audio	English
https://wordery.com/ray-bradbury-stories-volume-1-ray-bradbury-9780007280476	Ray Bradbury Stories Volume 1	€24.53	Ray Bradbury	9780007280476	HarperCollins Publishers	Paperback	English
https://wordery.com/end-of-the-world-running-club-adrian-j-walker-9781785032660	End of the World Running Club	€11.87	Adrian J. Walker	9781785032660	Cornerstone	Paperback	English
https://wordery.com/city-clifford-d-simak-9780575105232	City	€13.19	Clifford D. Simak	9780575105232	Orion Publishing Co	Paperback	English
https://wordery.com/neuromancer-william-gibson-9781473217386	Neuromancer	€12.53	William Gibson	9781473217386	Orion Publishing Co	Paperback	English
https://wordery.com/heroes-joe-abercrombie-9780575083851	Heroes	€14.16	Joe Abercrombie	9780575083851	Orion Publishing Co	Paperback	English
https://wordery.com/long-war-stephen-baxter-9780552167758	Long War	€13.91	Stephen Baxter,Terry Pratchett	9780552167758	Transworld Publishers Ltd	Paperback	English
https://wordery.com/left-hand-of-darkness-ursula-k-le-guin-9781473221628	Left Hand of Darkness	€12.75	Ursula K. Le Guin	9781473221628	Orion Publishing Co	Paperback	English
https://wordery.com/annihilation-jeff-vandermeer-9780008139100	Annihilation	€11.47	Jeff VanderMeer	9780008139100	HarperCollins Publishers	Paperback	English
https://wordery.com/left-hand-of-darkness-ursula-k-le-guin-9781473221628	Left Hand of Darkness	€12.75	Ursula K. Le Guin	9781473221628	Orion Publishing Co	Paperback	English
https://wordery.com/fall-of-hyperion-dan-simmons-9780575076389	Fall of Hyperion	€14.57	Dan Simmons	9780575076389	Orion Publishing Co	Paperback	English
https://wordery.com/world-of-warcraft-jaina-proudmoore-tides-of-war-christie-golden-9781451697919	World of Warcraft: Jaina Proudmoore: Tides of War	€11.70	Christie Golden	9781451697919	Simon & Schuster	Paperback	English
https://wordery.com/monstress-volume-2-the-blood-marjorie-liu-9781534300415	Monstress Volume 2: The Blood	€19.20	Marjorie Liu	9781534300415	Image Comics	Paperback	English
https://wordery.com/first-fifteen-lives-of-harry-august-claire-north-9780356502588	First Fifteen Lives of Harry August	€9.73	Claire North	9780356502588	Little, Brown Book Group	Paperback	English
https://wordery.com/doctor-who-the-androids-of-tara-target-collection-david-fisher-9781785947926	Doctor Who: The Androids of Tara (Target Collection)	€10.69	David Fisher	9781785947926	Ebury Publishing	Paperback	English
https://wordery.com/the-martian-chronicles-ray-bradbury-9780006479239	The Martian Chronicles	€12.86	Ray Bradbury	9780006479239	HarperCollins Publishers	Paperback	English
https://wordery.com/rogue-protocol-martha-wells-9781250191786	Rogue Protocol	€19.37	Martha Wells	9781250191786	St Martin's Press	Hardback	English
https://wordery.com/clockwork-orange-anthony-burgess-9780241951446	Clockwork Orange	€11.89	Anthony Burgess	9780241951446	Penguin Books Ltd	Paperback	
https://wordery.com/labyrinth-simon-stlenhag-9781398509993	Labyrinth	€25.95	Simon Stålenhag	9781398509993	Simon & Schuster Ltd	Hardback	English
https://wordery.com/skyward-brandon-sanderson-9781473217874	Skyward	€14.22	Brandon Sanderson	9781473217874	Orion Publishing Co	Paperback	English
https://wordery.com/circle-of-death-james-patterson-9781529159950	Circle of Death	€11.87	James Patterson	9781529159950	Cornerstone	Paperback	English
https://wordery.com/war-of-the-worlds-h-g-wells-9781789500868	War of the Worlds	€10.43	H. G. Wells	9781789500868	Arcturus Publishing Ltd	Paperback	English
https://wordery.com/lost-and-the-damned-guy-haley-9781789999341	Lost and the Damned	€9.34	Guy Haley	9781789999341	Games Workshop Ltd	Paperback	English
https://wordery.com/doctor-who-dalek-target-collection-robert-shearman-9781785945038	Doctor Who: Dalek (Target Collection)	€10.93	Robert Shearman	9781785945038	Ebury Publishing	Paperback	English
https://wordery.com/chapter-house-dune-frank-herbert-9781473233812	Chapter House Dune	€11.48	Frank Herbert	9781473233812	Orion Publishing Co	Paperback	English
https://wordery.com/time-machine-hg-wells-9781847496270	Time Machine	€8.63	H.G. Wells	9781847496270	Alma Books Ltd	Paperback	
https://wordery.com/brave-new-world-aldous-huxley-9780099518471	Brave New World	€13.64	Aldous Huxley	9780099518471		Foam book	
https://wordery.com/animal-farm-and-1984-nineteen-eighty-four-george-orwell-9780008460983	Animal Farm and 1984 Nineteen Eighty-Four	€14.07	George Orwell	9780008460983	HarperCollins Publishers	Paperback	English
https://wordery.com/welcome-to-the-monkey-house-kurt-vonnegut-9781784877033	Welcome to the Monkey House	€12.89	Kurt Vonnegut	9781784877033	Vintage Publishing	Paperback	English
https://wordery.com/star-wars-light-of-the-jedi-the-high-republic-charles-soule-9781529101461	Star Wars: Light of the Jedi (The High Republic)	€13.62	Charles Soule	9781529101461	Cornerstone	Paperback	English
https://wordery.com/god-emperor-of-dune-frank-herbert-9781473233805	God Emperor Of Dune	€12.42	Frank Herbert	9781473233805	Orion Publishing Co	Paperback	English
https://wordery.com/parable-of-the-sower-octavia-e-butler-9781472263667	Parable of the Sower	€12.64	Octavia E. Butler	9781472263667	Headline Publishing Group	Paperback	English
https://wordery.com/terminal-boredom-izumi-suzuki-9781788739887	Terminal Boredom	€14.94	Izumi Suzuki	9781788739887	Verso Books	Paperback	English
https://wordery.com/look-both-ways-linwood-barclay-9780008525613	Look Both Ways	€11.57	Linwood Barclay	9780008525613	HarperCollins Publishers	Paperback	English
https://wordery.com/war-of-the-worlds-h-g-wells-9781909621541	War of the Worlds	€13.07	H. G. Wells	9781909621541	Pan Macmillan	Hardback	English
https://wordery.com/great-troll-war-jasper-fforde-9781444799965	Great Troll War	€11.64	Jasper Fforde	9781444799965	Hodder & Stoughton	Paperback	English
https://wordery.com/1984-george-orwell-9780141036144	1984	€12.04	George Orwell	9780141036144	Penguin Books Ltd	Paperback	English
https://wordery.com/terrible-worlds-revolutions-adrian-tchaikovsky-9781786188885	Terrible Worlds: Revolutions	€11.75	Adrian Tchaikovsky	9781786188885	Rebellion Publishing Ltd.	Paperback	English
https://wordery.com/harry-potter-hedwig-owl-figurine-warner-bros-consumer-products-9780762479832	Harry Potter: Hedwig Owl Figurine	€12.32	Warner Bros. Consumer Products	9780762479832	Running Press		English
https://wordery.com/strange-planet-the-comic-sensation-of-the-year-now-on-apple-tv-nathan-w-pyle-9781472269058	Strange Planet: The Comic Sensation of the Year - Now on Apple TV+	€16.50	Nathan W. Pyle	9781472269058	Headline Publishing Group	Hardback	English
https://wordery.com/eversion-alastair-reynolds-9780575090781	Eversion	€9.80	Alastair Reynolds	9780575090781	Orion Publishing Co	Paperback	English
https://wordery.com/psalm-for-the-wild-built-becky-chambers-9781250236210	Psalm for the Wild-Built	€20.23	Becky Chambers	9781250236210	St Martin's Press	Hardback	English
https://wordery.com/men-like-gods-h-g-wells-9780008403485	Men Like Gods	€6.77	H. G. Wells	9780008403485	HarperCollins Publishers	Paperback	English
https://wordery.com/the-ninth-metal-benjamin-percy-9781473690080	The Ninth Metal	€12.67	Benjamin Percy	9781473690080		Foam book	
https://wordery.com/only-human-sylvain-neuvel-9781405935708	Only Human	€13.91	Sylvain Neuvel	9781405935708	Penguin Books Ltd	Paperback	English
https://wordery.com/alien-prototype-tim-waggoner-9781789092196	Alien: Prototype	€11.66	Tim Waggoner	9781789092196	Titan Books Ltd	Paperback	English
https://wordery.com/the-remembrancers-tale-david-zindell-9780008495695	The Remembrancer's Tale	€13.18	David Zindell	9780008495695		Foam book	
https://wordery.com/alien-alien-into-charybdis-alex-white-9781789095272	Alien - Alien: Into Charybdis	€11.64	Alex White	9781789095272	Titan Books Ltd	Paperback	English
https://wordery.com/battlestar-suburbia-chris-mccrudden-9781788421027	Battlestar Suburbia	€12.99	Chris McCrudden	9781788421027	Duckworth Books	Paperback	English
https://wordery.com/rickys-hand-david-quantick-9781803360461	Ricky's Hand		David Quantick	9781803360461	Titan Books Ltd	Paperback	English
https://wordery.com/waking-gods-sylvain-neuvel-9781405921916	Waking Gods	€13.28	Sylvain Neuvel	9781405921916	Penguin Books Ltd	Paperback	English
https://wordery.com/star-wars-convergence-zoraida-crdova-9781529150131	Star Wars: Convergence	€12.83	Zoraida Córdova	9781529150131	Cornerstone	Paperback	English
https://wordery.com/ray-bradbury-stories-volume-2-ray-bradbury-9780007280582	Ray Bradbury Stories Volume 2	€24.19	Ray Bradbury	9780007280582	HarperCollins Publishers	Paperback	English
https://wordery.com/road-to-dune-frank-herbert-9780340837467	Road to Dune	€12.64	Frank Herbert,Brian Herbert,Kevin J Anderson	9780340837467	Hodder & Stoughton	Paperback	English
https://wordery.com/classic-radio-sci-fi-bbc-drama-collection-arthur-conan-doyle-9781785296222	Classic Radio Sci-Fi: BBC Drama Collection	€26.83	Arthur Conan Doyle,H G Wells,Karel Capek,Mary Shelley,Stanislaw Lem	9781785296222	BBC Audio, A Division Of Random House	CD-Audio	English
https://wordery.com/the-demolished-man-alfred-bester-9781857988222	The Demolished Man	€8.79	Alfred Bester	9781857988222		Foam book	
https://wordery.com/light-m-john-harrison-9781473227675	Light	€12.42	M. John Harrison	9781473227675	Orion Publishing Co	Paperback	English
https://wordery.com/sundome-milky-way-vol-7-kazuki-funatsu-9781638589716	Sundome!! Milky Way Vol. 7		Kazuki Funatsu	9781638589716	Seven Seas Entertainment, LLC	Paperback	English
https://wordery.com/unstoppable-dreams-bigger-than-heartbreak-charlie-jane-anders-9781789095449	Unstoppable - Dreams Bigger Than Heartbreak		Charlie Jane Anders	9781789095449	Titan Books Ltd	Paperback	
https://wordery.com/man-who-fell-to-earth-walter-tevis-9781473213111	Man Who Fell to Earth	€7.62	Walter Tevis	9781473213111	Orion Publishing Co	Paperback	English
https://wordery.com/from-the-earth-to-the-moon-around-the-moon-jules-verne-9781840226706	From the Earth to the Moon / Around the Moon	€7.23	Jules Verne	9781840226706	Wordsworth Editions Ltd	Paperback	English
https://wordery.com/deep-wheel-orcadia-harry-josephine-giles-9781529066609	Deep Wheel Orcadia	€14.61	Harry Josephine Giles	9781529066609	Pan Macmillan	Paperback	
https://wordery.com/hard-switch-owen-d-pomery-9781910395707	Hard Switch	€21.19	Owen D. Pomery	9781910395707	Avery Hill Publishing Limited	Hardback	English
https://wordery.com/scattered-all-over-the-earth-yoko-tawada-9781783789122	Scattered All Over the Earth	€12.09	Yoko Tawada	9781783789122	Granta Books	Paperback	English
https://wordery.com/beautiful-star-yukio-mishima-9780241441091	Beautiful Star	€12.63	Yukio Mishima	9780241441091	Penguin Books Ltd	Paperback	
https://wordery.com/complete-alien-collection-symphony-of-death-the-cold-forge-prototype-into-charybdis-alex-white-9781803366586	Complete Alien Collection: Symphony of Death (The Cold Forge, Prototype, Into Charybdis)	€18.23	Alex White,Tim Waggoner	9781803366586	Titan Books Ltd	Paperback	English
https://wordery.com/hidden-girl-and-other-stories-ken-liu-9781838932060	Hidden Girl and Other Stories		Ken Liu	9781838932060	Bloomsbury Publishing PLC	Paperback	English
https://wordery.com/hitchhikers-guide-to-the-galaxy-the-complete-radio-series-douglas-adams-9781787534674	Hitchhiker's Guide to the Galaxy: The Complete Radio Series	€85.79	Douglas Adams,Eoin Colfer	9781787534674	BBC Worldwide Ltd	CD-Audio	English

